Date,Merchant Name,Description,Amount,Category,Notes,Account Provider,Account Name,Status,Sub Type
2023-01-01,PureGym,PUREGYM LIMITED,-24.99,Health & Beauty,,Halifax,Current Account,,
2023-01-01,Thames Water,THAMES WATER UTIL,-37.41,Bills,,Halifax,Current Account,,
2023-01-01,Council Tax,LBHF COUNCIL TAX,-139.75,Bills,,Halifax,Current Account,,
2023-01-01,Rent Payment,RENT PAYMENT SO,-1000.54,Home & Family,,Halifax,Current Account,,
2023-01-01,Netflix,NETFLIX.COM,-15.99,Entertainment,,Halifax,Current Account,,
2023-01-02,British Gas,BRITISH GAS SERVICES,-49.79,Bills,,Halifax,Current Account,,
2023-01-02,Sky Sports,SKY DIGITAL,-25.99,Entertainment,,Halifax,Current Account,,
2023-01-03,Lidl,LIDL GB GMBH,-52.26,Groceries,,Halifax,Mr J Smith,,
2023-01-04,BT Broadband,BT GROUP PLC,-38.25,Bills,,Halifax,Current Account,,
2023-01-05,EDF Energy,EDF ENERGY CUSTOMERS,-64.7,Bills,,Halifax,Current Account,,
2023-01-05,Spotify,SPOTIFY AB,-9.99,Entertainment,,Halifax,Current Account,,
2023-01-06,Boots,BOOTS UK LTD,-24.03,Health & Beauty,,Halifax,Mr J Smith,,
2023-01-06,BP Petrol,BP OIL UK LTD,-22.88,Transport,,Halifax,Current Account,,
2023-01-08,Tesco,TESCO STORES 3321,-85.85,Groceries,,Halifax,Mr J Smith,,
2023-01-13,TfL,TFL TRAVEL CHARGE,-18.18,Transport,,Halifax,Current Account,,
2023-01-14,Vanguard ISA,VANGUARD ASSET MGMT,-212.93,Investment,,Barclays,Current Account,,
2023-01-16,ASDA,ASDA STORES 4766,-42.44,Groceries,,Halifax,Mr J Smith,,
2023-01-18,Costa Coffee,COSTA COFFEE 091,-11.12,Eating Out,,Halifax,Mr J Smith,,
2023-01-18,TfL,TFL TRAVEL CHARGE,-18.95,Transport,,Halifax,Current Account,,
2023-01-20,Amazon,AMAZON UK RETAIL,-93.28,Shopping,,Halifax,Current Account,,
2023-01-22,ASDA,ASDA STORES 4766,-37.42,Groceries,,Halifax,Mr J Smith,,
2023-01-22,British Red Cross,BRITISH RED CROSS,-11.49,Charity,,Halifax,Current Account,,
2023-01-23,John Lewis,JOHN LEWIS PLC,-131.89,Shopping,,Halifax,Current Account,,
2023-01-23,Shell Petrol,SHELL PETROL STATION,-7.55,Transport,,Halifax,Current Account,,
2023-01-25,Shell Petrol,SHELL PETROL STATION,-18.76,Transport,,Halifax,Current Account,,
2023-01-25,,EMPLOYER LTD SALARY BGC,3111.54,Income,,Barclays,Current Account,,
2023-01-26,Nando's,NANDOS RESTAURANT,-8.43,Eating Out,,Halifax,Mr J Smith,,
2023-01-28,National Rail,NATIONAL RAIL ENQ,-22.44,Transport,,Halifax,Current Account,,
2023-01-28,Nando's,NANDOS RESTAURANT,-18.35,Eating Out,,Halifax,Mr J Smith,,
2023-01-28,TfL,TFL TRAVEL CHARGE,-15.87,Transport,,Halifax,Current Account,,
2023-02-01,PureGym,PUREGYM LIMITED,-24.99,Health & Beauty,,Halifax,Current Account,,
2023-02-01,Rent Payment,RENT PAYMENT SO,-1041.45,Home & Family,,Halifax,Current Account,,
2023-02-02,Thames Water,THAMES WATER UTIL,-39.31,Bills,,Halifax,Current Account,,
2023-02-02,Spotify,SPOTIFY AB,-9.99,Entertainment,,Halifax,Current Account,,
2023-02-03,BT Broadband,BT GROUP PLC,-39.7,Bills,,Halifax,Current Account,,
2023-02-03,Sky Sports,SKY DIGITAL,-25.99,Entertainment,,Halifax,Current Account,,
2023-02-03,Waitrose,WAITROSE & PARTNERS,-51.02,Groceries,,Halifax,Mr J Smith,,
2023-02-04,National Rail,NATIONAL RAIL ENQ,-48.4,Transport,,Halifax,Current Account,,
2023-02-04,British Gas,BRITISH GAS SERVICES,-50.14,Bills,,Halifax,Current Account,,
2023-02-04,BP Petrol,BP OIL UK LTD,-18.97,Transport,,Halifax,Current Account,,
2023-02-04,Council Tax,LBHF COUNCIL TAX,-141.17,Bills,,Halifax,Current Account,,
2023-02-04,Netflix,NETFLIX.COM,-15.99,Entertainment,,Halifax,Current Account,,
2023-02-05,McDonald's,MCDONALDS 6482,-27.71,Eating Out,,Halifax,Mr J Smith,,
2023-02-05,EDF Energy,EDF ENERGY CUSTOMERS,-71.01,Bills,,Halifax,Current Account,,
2023-02-09,Waitrose,WAITROSE & PARTNERS,-101.83,Groceries,,Halifax,Mr J Smith,,
2023-02-11,Vanguard ISA,VANGUARD ASSET MGMT,-186.99,Investment,,Barclays,Current Account,,
2023-02-12,ASOS,ASOS.COM LTD,-109.6,Shopping,,Halifax,Current Account,,
2023-02-15,Shell Petrol,SHELL PETROL STATION,-4.17,Transport,,Halifax,Current Account,,
2023-02-16,Lidl,LIDL GB GMBH,-47.55,Groceries,,Halifax,Mr J Smith,,
2023-02-17,BP Petrol,BP OIL UK LTD,-42.86,Transport,,Halifax,Current Account,,
2023-02-18,BP Petrol,BP OIL UK LTD,-47.9,Transport,,Halifax,Current Account,,
2023-02-20,Costa Coffee,COSTA COFFEE 091,-39.87,Eating Out,,Halifax,Mr J Smith,,
2023-02-20,Costa Coffee,COSTA COFFEE 091,-9.1,Eating Out,,Halifax,Mr J Smith,,
2023-02-22,TfL,TFL TRAVEL CHARGE,-40.76,Transport,,Halifax,Current Account,,
2023-02-24,Sainsburys,SAINSBURYS SUPERSTORE,-69.48,Groceries,,Halifax,Mr J Smith,,
2023-02-25,National Rail,NATIONAL RAIL ENQ,-17.61,Transport,,Halifax,Current Account,,
2023-02-25,,EMPLOYER LTD SALARY BGC,2644.75,Income,,Barclays,Current Account,,
2023-02-25,Zara,ZARA UK LTD,-130.07,Shopping,,Halifax,Current Account,,
2023-02-27,BP Petrol,BP OIL UK LTD,-36.59,Transport,,Halifax,Current Account,,
2023-03-01,Nando's,NANDOS RESTAURANT,-26.41,Eating Out,,Halifax,Mr J Smith,,
2023-03-01,EDF Energy,EDF ENERGY CUSTOMERS,-64.69,Bills,,Halifax,Current Account,,
2023-03-01,PureGym,PUREGYM LIMITED,-24.99,Health & Beauty,,Halifax,Current Account,,
2023-03-01,Rent Payment,RENT PAYMENT SO,-962.84,Home & Family,,Halifax,Current Account,,
2023-03-02,Waitrose,WAITROSE & PARTNERS,-107.15,Groceries,,Halifax,Mr J Smith,,
2023-03-02,Sky Sports,SKY DIGITAL,-25.99,Entertainment,,Halifax,Current Account,,
2023-03-02,Thames Water,THAMES WATER UTIL,-39.02,Bills,,Halifax,Current Account,,
2023-03-03,Pret A Manger,PRET A MANGER LTD,-36.88,Eating Out,,Halifax,Mr J Smith,,
2023-03-03,Nando's,NANDOS RESTAURANT,-23.97,Eating Out,,Halifax,Mr J Smith,,
2023-03-03,British Gas,BRITISH GAS SERVICES,-49.92,Bills,,Halifax,Current Account,,
2023-03-04,TfL,TFL TRAVEL CHARGE,-37.61,Transport,,Halifax,Current Account,,
2023-03-04,BT Broadband,BT GROUP PLC,-44.53,Bills,,Halifax,Current Account,,
2023-03-04,Netflix,NETFLIX.COM,-15.99,Entertainment,,Halifax,Current Account,,
2023-03-05,Council Tax,LBHF COUNCIL TAX,-144.13,Bills,,Halifax,Current Account,,
2023-03-05,Spotify,SPOTIFY AB,-9.99,Entertainment,,Halifax,Current Account,,
2023-03-07,Uber,UBER *TRIP,-31.5,Transport,,Halifax,Current Account,,
2023-03-07,British Red Cross,BRITISH RED CROSS,-15.73,Charity,,Halifax,Current Account,,
2023-03-08,McDonald's,MCDONALDS 6482,-14.42,Eating Out,,Halifax,Mr J Smith,,
2023-03-09,IKEA,IKEA LTD,-94.02,Home & Family,,Halifax,Current Account,,
2023-03-10,Waitrose,WAITROSE & PARTNERS,-85.19,Groceries,,Halifax,Mr J Smith,,
2023-03-12,Vanguard ISA,VANGUARD ASSET MGMT,-229.15,Investment,,Barclays,Current Account,,
2023-03-13,Amazon,AMAZON UK RETAIL,-105.21,Shopping,,Halifax,Current Account,,
2023-03-14,BP Petrol,BP OIL UK LTD,-24.97,Transport,,Halifax,Current Account,,
2023-03-16,ASDA,ASDA STORES 4766,-109.61,Groceries,,Halifax,Mr J Smith,,
2023-03-19,Pret A Manger,PRET A MANGER LTD,-14.27,Eating Out,,Halifax,Mr J Smith,,
2023-03-19,National Rail,NATIONAL RAIL ENQ,-28.11,Transport,,Halifax,Current Account,,
2023-03-22,TfL,TFL TRAVEL CHARGE,-37.33,Transport,,Halifax,Current Account,,
2023-03-23,McDonald's,MCDONALDS 6482,-27.83,Eating Out,,Halifax,Mr J Smith,,
2023-03-23,ASDA,ASDA STORES 4766,-101.97,Groceries,,Halifax,Mr J Smith,,
2023-03-26,Uber,UBER *TRIP,-24.76,Transport,,Halifax,Current Account,,
2023-03-27,,EMPLOYER LTD SALARY BGC,2689.49,Income,,Barclays,Current Account,,
2023-04-01,Amazon,AMAZON UK RETAIL,-70.66,Shopping,,Halifax,Current Account,,
2023-04-01,PureGym,PUREGYM LIMITED,-24.99,Health & Beauty,,Halifax,Current Account,,
2023-04-01,Netflix,NETFLIX.COM,-15.99,Entertainment,,Halifax,Current Account,,
2023-04-01,Rent Payment,RENT PAYMENT SO,-1036.47,Home & Family,,Halifax,Current Account,,
2023-04-01,EDF Energy,EDF ENERGY CUSTOMERS,-71.41,Bills,,Halifax,Current Account,,
2023-04-02,Nando's,NANDOS RESTAURANT,-8.65,Eating Out,,Halifax,Mr J Smith,,
2023-04-02,BT Broadband,BT GROUP PLC,-39.33,Bills,,Halifax,Current Account,,
2023-04-02,Spotify,SPOTIFY AB,-9.99,Entertainment,,Halifax,Current Account,,
2023-04-02,ASDA,ASDA STORES 4766,-52.82,Groceries,,Halifax,Mr J Smith,,
2023-04-03,National Rail,NATIONAL RAIL ENQ,-38.44,Transport,,Halifax,Current Account,,
2023-04-04,Council Tax,LBHF COUNCIL TAX,-141.85,Bills,,Halifax,Current Account,,
2023-04-04,Sky Sports,SKY DIGITAL,-25.99,Entertainment,,Halifax,Current Account,,
2023-04-05,British Gas,BRITISH GAS SERVICES,-48.78,Bills,,Halifax,Current Account,,
2023-04-05,Thames Water,THAMES WATER UTIL,-38.69,Bills,,Halifax,Current Account,,
2023-04-06,Subway,SUBWAY 12340,-8.88,Eating Out,,Halifax,Mr J Smith,,
2023-04-07,BP Petrol,BP OIL UK LTD,-38.16,Transport,,Halifax,Current Account,,
2023-04-08,National Rail,NATIONAL RAIL ENQ,-33.52,Transport,,Halifax,Current Account,,
2023-04-08,BP Petrol,BP OIL UK LTD,-17.55,Transport,,Halifax,Current Account,,
2023-04-10,Vanguard ISA,VANGUARD ASSET MGMT,-297.8,Investment,,Barclays,Current Account,,
2023-04-10,Waitrose,WAITROSE & PARTNERS,-87.47,Groceries,,Halifax,Mr J Smith,,
2023-04-13,Shell Petrol,SHELL PETROL STATION,-10.11,Transport,,Halifax,Current Account,,
2023-04-15,John Lewis,JOHN LEWIS PLC,-52.47,Shopping,,Halifax,Current Account,,
2023-04-15,Sainsburys,SAINSBURYS SUPERSTORE,-53.74,Groceries,,Halifax,Mr J Smith,,
2023-04-17,Costa Coffee,COSTA COFFEE 091,-37.34,Eating Out,,Halifax,Mr J Smith,,
2023-04-17,IKEA,IKEA LTD,-62.43,Home & Family,,Halifax,Current Account,,
2023-04-19,National Rail,NATIONAL RAIL ENQ,-30.66,Transport,,Halifax,Current Account,,
2023-04-20,TfL,TFL TRAVEL CHARGE,-8.18,Transport,,Halifax,Current Account,,
2023-04-24,Tesco,TESCO STORES 3321,-88.86,Groceries,,Halifax,Mr J Smith,,
2023-04-25,,EMPLOYER LTD SALARY BGC,3299.59,Income,,Barclays,Current Account,,
2023-04-28,TfL,TFL TRAVEL CHARGE,-13.48,Transport,,Halifax,Current Account,,
2023-05-01,Argos,ARGOS LTD,-34.96,Shopping,,Halifax,Current Account,,
2023-05-01,McDonald's,MCDONALDS 6482,-18.01,Eating Out,,Halifax,Mr J Smith,,
2023-05-01,Sky Sports,SKY DIGITAL,-25.99,Entertainment,,Halifax,Current Account,,
2023-05-01,Rent Payment,RENT PAYMENT SO,-1016.34,Home & Family,,Halifax,Current Account,,
2023-05-01,PureGym,PUREGYM LIMITED,-24.99,Health & Beauty,,Halifax,Current Account,,
2023-05-02,Netflix,NETFLIX.COM,-15.99,Entertainment,,Halifax,Current Account,,
2023-05-02,Sainsburys,SAINSBURYS SUPERSTORE,-52.54,Groceries,,Halifax,Mr J Smith,,
2023-05-03,EDF Energy,EDF ENERGY CUSTOMERS,-68.89,Bills,,Halifax,Current Account,,
2023-05-03,Spotify,SPOTIFY AB,-9.99,Entertainment,,Halifax,Current Account,,
2023-05-03,British Gas,BRITISH GAS SERVICES,-50.28,Bills,,Halifax,Current Account,,
2023-05-04,Thames Water,THAMES WATER UTIL,-38.67,Bills,,Halifax,Current Account,,
2023-05-05,Council Tax,LBHF COUNCIL TAX,-140.4,Bills,,Halifax,Current Account,,
2023-05-05,BT Broadband,BT GROUP PLC,-38.06,Bills,,Halifax,Current Account,,
2023-05-05,National Rail,NATIONAL RAIL ENQ,-25.92,Transport,,Halifax,Current Account,,
2023-05-10,TfL,TFL TRAVEL CHARGE,-22.6,Transport,,Halifax,Current Account,,
2023-05-10,Vanguard ISA,VANGUARD ASSET MGMT,-261.36,Investment,,Barclays,Current Account,,
2023-05-10,Sainsburys,SAINSBURYS SUPERSTORE,-57.43,Groceries,,Halifax,Mr J Smith,,
2023-05-12,TfL,TFL TRAVEL CHARGE,-14.71,Transport,,Halifax,Current Account,,
2023-05-17,ASDA,ASDA STORES 4766,-69.08,Groceries,,Halifax,Mr J Smith,,
2023-05-18,Costa Coffee,COSTA COFFEE 091,-7.32,Eating Out,,Halifax,Mr J Smith,,
2023-05-21,Pret A Manger,PRET A MANGER LTD,-39.33,Eating Out,,Halifax,Mr J Smith,,
2023-05-22,Tesco,TESCO STORES 3321,-80.74,Groceries,,Halifax,Mr J Smith,,
2023-05-22,Shell Petrol,SHELL PETROL STATION,-9.24,Transport,,Halifax,Current Account,,
2023-05-23,McDonald's,MCDONALDS 6482,-36.83,Eating Out,,Halifax,Mr J Smith,,
2023-05-24,Pret A Manger,PRET A MANGER LTD,-21.58,Eating Out,,Halifax,Mr J Smith,,
2023-05-24,National Rail,NATIONAL RAIL ENQ,-11.88,Transport,,Halifax,Current Account,,
2023-05-25,,EMPLOYER LTD SALARY BGC,3346.61,Income,,Barclays,Current Account,,
2023-05-26,John Lewis,JOHN LEWIS PLC,-131.14,Shopping,,Halifax,Current Account,,
2023-05-27,TfL,TFL TRAVEL CHARGE,-22.83,Transport,,Halifax,Current Account,,
2023-05-28,National Rail,NATIONAL RAIL ENQ,-24.73,Transport,,Halifax,Current Account,,
2023-05-28,Shell Petrol,SHELL PETROL STATION,-12.29,Transport,,Halifax,Current Account,,
2023-06-01,PureGym,PUREGYM LIMITED,-24.99,Health & Beauty,,Halifax,Current Account,,
2023-06-01,British Gas,BRITISH GAS SERVICES,-54.87,Bills,,Halifax,Current Account,,
2023-06-01,Netflix,NETFLIX.COM,-15.99,Entertainment,,Halifax,Current Account,,
2023-06-01,Rent Payment,RENT PAYMENT SO,-977.86,Home & Family,,Halifax,Current Account,,
2023-06-01,Costa Coffee,COSTA COFFEE 091,-24.16,Eating Out,,Halifax,Mr J Smith,,
2023-06-02,BT Broadband,BT GROUP PLC,-39.78,Bills,,Halifax,Current Account,,
2023-06-02,Thames Water,THAMES WATER UTIL,-33.6,Bills,,Halifax,Current Account,,
2023-06-02,Council Tax,LBHF COUNCIL TAX,-141.19,Bills,,Halifax,Current Account,,
2023-06-03,Sky Sports,SKY DIGITAL,-25.99,Entertainment,,Halifax,Current Account,,
2023-06-03,Lidl,LIDL GB GMBH,-108.49,Groceries,,Halifax,Mr J Smith,,
2023-06-04,EDF Energy,EDF ENERGY CUSTOMERS,-66.8,Bills,,Halifax,Current Account,,
2023-06-05,National Rail,NATIONAL RAIL ENQ,-13.78,Transport,,Halifax,Current Account,,
2023-06-07,Spotify,SPOTIFY AB,-9.99,Entertainment,,Halifax,Current Account,,
2023-06-07,John Lewis,JOHN LEWIS PLC,-67.03,Shopping,,Halifax,Current Account,,
2023-06-09,Waitrose,WAITROSE & PARTNERS,-105.14,Groceries,,Halifax,Mr J Smith,,
2023-06-09,Pret A Manger,PRET A MANGER LTD,-8.46,Eating Out,,Halifax,Mr J Smith,,
2023-06-10,National Rail,NATIONAL RAIL ENQ,-38.01,Transport,,Halifax,Current Account,,
2023-06-10,IKEA,IKEA LTD,-102.47,Home & Family,,Halifax,Current Account,,
2023-06-12,Vanguard ISA,VANGUARD ASSET MGMT,-246.22,Investment,,Barclays,Current Account,,
2023-06-12,Shell Petrol,SHELL PETROL STATION,-26.0,Transport,,Halifax,Current Account,,
2023-06-13,McDonald's,MCDONALDS 6482,-36.68,Eating Out,,Halifax,Mr J Smith,,
2023-06-13,BP Petrol,BP OIL UK LTD,-39.56,Transport,,Halifax,Current Account,,
2023-06-15,Argos,ARGOS LTD,-68.6,Shopping,,Halifax,Current Account,,
2023-06-16,Tesco,TESCO STORES 3321,-44.29,Groceries,,Halifax,Mr J Smith,,
2023-06-18,Uber,UBER *TRIP,-46.52,Transport,,Halifax,Current Account,,
2023-06-20,BP Petrol,BP OIL UK LTD,-20.01,Transport,,Halifax,Current Account,,
2023-06-20,Costa Coffee,COSTA COFFEE 091,-39.48,Eating Out,,Halifax,Mr J Smith,,
2023-06-20,Shell Petrol,SHELL PETROL STATION,-33.02,Transport,,Halifax,Current Account,,
2023-06-20,Airbnb,AIRBNB PAYMENTS,-224.24,Travel,,Barclays,Current Account,,
2023-06-20,Zara,ZARA UK LTD,-95.8,Shopping,,Halifax,Current Account,,
2023-06-22,ASDA,ASDA STORES 4766,-38.67,Groceries,,Halifax,Mr J Smith,,
2023-06-22,Uber,UBER *TRIP,-42.15,Transport,,Halifax,Current Account,,
2023-06-22,Subway,SUBWAY 12340,-30.74,Eating Out,,Halifax,Mr J Smith,,
2023-06-24,TfL,TFL TRAVEL CHARGE,-49.9,Transport,,Halifax,Current Account,,
2023-06-24,Nando's,NANDOS RESTAURANT,-32.95,Eating Out,,Halifax,Mr J Smith,,
2023-06-25,,EMPLOYER LTD SALARY BGC,2813.44,Income,,Barclays,Current Account,,
2023-06-26,Superdrug,SUPERDRUG STORES,-41.15,Health & Beauty,,Halifax,Mr J Smith,,
2023-07-01,PureGym,PUREGYM LIMITED,-24.99,Health & Beauty,,Halifax,Current Account,,
2023-07-01,Council Tax,LBHF COUNCIL TAX,-141.64,Bills,,Halifax,Current Account,,
2023-07-01,Rent Payment,RENT PAYMENT SO,-1038.61,Home & Family,,Halifax,Current Account,,
2023-07-01,Airbnb,AIRBNB PAYMENTS,-479.8,Travel,,Barclays,Current Account,,
2023-07-01,Sainsburys,SAINSBURYS SUPERSTORE,-82.48,Groceries,,Halifax,Mr J Smith,,
2023-07-02,British Gas,BRITISH GAS SERVICES,-54.45,Bills,,Halifax,Current Account,,
2023-07-02,Thames Water,THAMES WATER UTIL,-32.2,Bills,,Halifax,Current Account,,
2023-07-02,EDF Energy,EDF ENERGY CUSTOMERS,-71.87,Bills,,Halifax,Current Account,,
2023-07-02,Spotify,SPOTIFY AB,-9.99,Entertainment,,Halifax,Current Account,,
2023-07-03,ASOS,ASOS.COM LTD,-65.1,Shopping,,Halifax,Current Account,,
2023-07-05,BT Broadband,BT GROUP PLC,-44.8,Bills,,Halifax,Current Account,,
2023-07-05,Netflix,NETFLIX.COM,-15.99,Entertainment,,Halifax,Current Account,,
2023-07-06,Sky Sports,SKY DIGITAL,-25.99,Entertainment,,Halifax,Current Account,,
2023-07-06,Uber,UBER *TRIP,-41.93,Transport,,Halifax,Current Account,,
2023-07-08,Tesco,TESCO STORES 3321,-92.27,Groceries,,Halifax,Mr J Smith,,
2023-07-08,BP Petrol,BP OIL UK LTD,-17.86,Transport,,Halifax,Current Account,,
2023-07-13,ASOS,ASOS.COM LTD,-100.83,Shopping,,Halifax,Current Account,,
2023-07-13,Vanguard ISA,VANGUARD ASSET MGMT,-224.16,Investment,,Barclays,Current Account,,
2023-07-14,Superdrug,SUPERDRUG STORES,-8.43,Health & Beauty,,Halifax,Mr J Smith,,
2023-07-15,Uber,UBER *TRIP,-17.22,Transport,,Halifax,Current Account,,
2023-07-15,BP Petrol,BP OIL UK LTD,-7.95,Transport,,Halifax,Current Account,,
2023-07-15,Sainsburys,SAINSBURYS SUPERSTORE,-94.33,Groceries,,Halifax,Mr J Smith,,
2023-07-15,McDonald's,MCDONALDS 6482,-11.4,Eating Out,,Halifax,Mr J Smith,,
2023-07-16,National Rail,NATIONAL RAIL ENQ,-35.96,Transport,,Halifax,Current Account,,
2023-07-18,BP Petrol,BP OIL UK LTD,-8.11,Transport,,Halifax,Current Account,,
2023-07-20,Subway,SUBWAY 12340,-17.47,Eating Out,,Halifax,Mr J Smith,,
2023-07-20,Costa Coffee,COSTA COFFEE 091,-33.9,Eating Out,,Halifax,Mr J Smith,,
2023-07-22,Costa Coffee,COSTA COFFEE 091,-24.53,Eating Out,,Halifax,Mr J Smith,,
2023-07-23,Waitrose,WAITROSE & PARTNERS,-34.02,Groceries,,Halifax,Mr J Smith,,
2023-07-26,,EMPLOYER LTD SALARY BGC,3254.74,Income,,Barclays,Current Account,,
2023-07-27,Uber,UBER *TRIP,-50.25,Transport,,Halifax,Current Account,,
2023-07-27,Shell Petrol,SHELL PETROL STATION,-36.52,Transport,,Halifax,Current Account,,
2023-08-01,Rent Payment,RENT PAYMENT SO,-977.29,Home & Family,,Halifax,Current Account,,
2023-08-01,Uber,UBER *TRIP,-42.2,Transport,,Halifax,Current Account,,
2023-08-01,PureGym,PUREGYM LIMITED,-24.99,Health & Beauty,,Halifax,Current Account,,
2023-08-01,Spotify,SPOTIFY AB,-9.99,Entertainment,,Halifax,Current Account,,
2023-08-02,Pret A Manger,PRET A MANGER LTD,-15.59,Eating Out,,Halifax,Mr J Smith,,
2023-08-02,Council Tax,LBHF COUNCIL TAX,-141.91,Bills,,Halifax,Current Account,,
2023-08-03,British Gas,BRITISH GAS SERVICES,-50.39,Bills,,Halifax,Current Account,,
2023-08-03,Lidl,LIDL GB GMBH,-43.2,Groceries,,Halifax,Mr J Smith,,
2023-08-04,Sky Sports,SKY DIGITAL,-25.99,Entertainment,,Halifax,Current Account,,
2023-08-04,Thames Water,THAMES WATER UTIL,-38.83,Bills,,Halifax,Current Account,,
2023-08-04,Netflix,NETFLIX.COM,-15.99,Entertainment,,Halifax,Current Account,,
2023-08-04,EDF Energy,EDF ENERGY CUSTOMERS,-68.31,Bills,,Halifax,Current Account,,
2023-08-05,BT Broadband,BT GROUP PLC,-44.4,Bills,,Halifax,Current Account,,
2023-08-05,Costa Coffee,COSTA COFFEE 091,-35.61,Eating Out,,Halifax,Mr J Smith,,
2023-08-07,Nando's,NANDOS RESTAURANT,-22.01,Eating Out,,Halifax,Mr J Smith,,
2023-08-08,ASOS,ASOS.COM LTD,-28.16,Shopping,,Halifax,Current Account,,
2023-08-08,Lidl,LIDL GB GMBH,-108.46,Groceries,,Halifax,Mr J Smith,,
2023-08-09,Uber,UBER *TRIP,-46.58,Transport,,Halifax,Current Account,,
2023-08-09,Uber,UBER *TRIP,-42.35,Transport,,Halifax,Current Account,,
2023-08-12,Vanguard ISA,VANGUARD ASSET MGMT,-250.33,Investment,,Barclays,Current Account,,
2023-08-12,TfL,TFL TRAVEL CHARGE,-15.44,Transport,,Halifax,Current Account,,
2023-08-15,Waitrose,WAITROSE & PARTNERS,-102.55,Groceries,,Halifax,Mr J Smith,,
2023-08-20,Airbnb,AIRBNB PAYMENTS,-532.23,Travel,,Barclays,Current Account,,
2023-08-24,Waitrose,WAITROSE & PARTNERS,-83.04,Groceries,,Halifax,Mr J Smith,,
2023-08-25,B&Q,B&Q PLC,-79.02,Home & Family,,Halifax,Current Account,,
2023-08-25,TfL,TFL TRAVEL CHARGE,-52.82,Transport,,Halifax,Current Account,,
2023-08-25,TfL,TFL TRAVEL CHARGE,-5.58,Transport,,Halifax,Current Account,,
2023-08-27,ASOS,ASOS.COM LTD,-14.61,Shopping,,Halifax,Current Account,,
2023-08-28,,EMPLOYER LTD SALARY BGC,3212.48,Income,,Barclays,Current Account,,
2023-09-01,PureGym,PUREGYM LIMITED,-24.99,Health & Beauty,,Halifax,Current Account,,
2023-09-01,Rent Payment,RENT PAYMENT SO,-1027.25,Home & Family,,Halifax,Current Account,,
2023-09-01,Waitrose,WAITROSE & PARTNERS,-57.78,Groceries,,Halifax,Mr J Smith,,
2023-09-01,British Gas,BRITISH GAS SERVICES,-52.63,Bills,,Halifax,Current Account,,
2023-09-02,BT Broadband,BT GROUP PLC,-38.61,Bills,,Halifax,Current Account,,
2023-09-02,Council Tax,LBHF COUNCIL TAX,-138.82,Bills,,Halifax,Current Account,,
2023-09-03,Thames Water,THAMES WATER UTIL,-36.61,Bills,,Halifax,Current Account,,
2023-09-03,ASOS,ASOS.COM LTD,-42.89,Shopping,,Halifax,Current Account,,
2023-09-04,EDF Energy,EDF ENERGY CUSTOMERS,-67.17,Bills,,Halifax,Current Account,,
2023-09-05,Sky Sports,SKY DIGITAL,-25.99,Entertainment,,Halifax,Current Account,,
2023-09-06,Spotify,SPOTIFY AB,-9.99,Entertainment,,Halifax,Current Account,,
2023-09-07,Netflix,NETFLIX.COM,-15.99,Entertainment,,Halifax,Current Account,,
2023-09-09,John Lewis,JOHN LEWIS PLC,-124.68,Shopping,,Halifax,Current Account,,
2023-09-09,TfL,TFL TRAVEL CHARGE,-48.96,Transport,,Halifax,Current Account,,
2023-09-10,Vanguard ISA,VANGUARD ASSET MGMT,-269.43,Investment,,Barclays,Current Account,,
2023-09-10,Lidl,LIDL GB GMBH,-59.65,Groceries,,Halifax,Mr J Smith,,
2023-09-16,Shell Petrol,SHELL PETROL STATION,-14.82,Transport,,Halifax,Current Account,,
2023-09-16,TfL,TFL TRAVEL CHARGE,-47.4,Transport,,Halifax,Current Account,,
2023-09-17,Waitrose,WAITROSE & PARTNERS,-57.3,Groceries,,Halifax,Mr J Smith,,
2023-09-18,John Lewis,JOHN LEWIS PLC,-13.3,Shopping,,Halifax,Current Account,,
2023-09-20,Nando's,NANDOS RESTAURANT,-33.67,Eating Out,,Halifax,Mr J Smith,,
2023-09-22,National Rail,NATIONAL RAIL ENQ,-23.33,Transport,,Halifax,Current Account,,
2023-09-23,Boots,BOOTS UK LTD,-24.57,Health & Beauty,,Halifax,Mr J Smith,,
2023-09-23,Costa Coffee,COSTA COFFEE 091,-12.05,Eating Out,,Halifax,Mr J Smith,,
2023-09-23,Lidl,LIDL GB GMBH,-38.44,Groceries,,Halifax,Mr J Smith,,
2023-09-24,Pret A Manger,PRET A MANGER LTD,-24.22,Eating Out,,Halifax,Mr J Smith,,
2023-09-25,Shell Petrol,SHELL PETROL STATION,-27.7,Transport,,Halifax,Current Account,,
2023-09-25,Subway,SUBWAY 12340,-22.96,Eating Out,,Halifax,Mr J Smith,,
2023-09-26,,EMPLOYER LTD SALARY BGC,3174.69,Income,,Barclays,Current Account,,
2023-09-27,Costa Coffee,COSTA COFFEE 091,-31.12,Eating Out,,Halifax,Mr J Smith,,
2023-09-28,BP Petrol,BP OIL UK LTD,-16.52,Transport,,Halifax,Current Account,,
2023-10-01,PureGym,PUREGYM LIMITED,-24.99,Health & Beauty,,Halifax,Current Account,,
2023-10-01,Netflix,NETFLIX.COM,-15.99,Entertainment,,Halifax,Current Account,,
2023-10-01,Rent Payment,RENT PAYMENT SO,-975.14,Home & Family,,Halifax,Current Account,,
2023-10-02,Sky Sports,SKY DIGITAL,-25.99,Entertainment,,Halifax,Current Account,,
2023-10-03,BP Petrol,BP OIL UK LTD,-54.69,Transport,,Halifax,Current Account,,
2023-10-03,Waitrose,WAITROSE & PARTNERS,-44.81,Groceries,,Halifax,Mr J Smith,,
2023-10-04,Council Tax,LBHF COUNCIL TAX,-140.17,Bills,,Halifax,Current Account,,
2023-10-04,EDF Energy,EDF ENERGY CUSTOMERS,-71.97,Bills,,Halifax,Current Account,,
2023-10-04,Costa Coffee,COSTA COFFEE 091,-35.8,Eating Out,,Halifax,Mr J Smith,,
2023-10-05,Thames Water,THAMES WATER UTIL,-36.25,Bills,,Halifax,Current Account,,
2023-10-05,British Gas,BRITISH GAS SERVICES,-50.95,Bills,,Halifax,Current Account,,
2023-10-05,BT Broadband,BT GROUP PLC,-40.65,Bills,,Halifax,Current Account,,
2023-10-05,Subway,SUBWAY 12340,-16.05,Eating Out,,Halifax,Mr J Smith,,
2023-10-05,Shell Petrol,SHELL PETROL STATION,-45.37,Transport,,Halifax,Current Account,,
2023-10-06,Spotify,SPOTIFY AB,-9.99,Entertainment,,Halifax,Current Account,,
2023-10-06,BP Petrol,BP OIL UK LTD,-53.24,Transport,,Halifax,Current Account,,
2023-10-10,Argos,ARGOS LTD,-122.1,Shopping,,Halifax,Current Account,,
2023-10-10,Pret A Manger,PRET A MANGER LTD,-7.47,Eating Out,,Halifax,Mr J Smith,,
2023-10-10,Sainsburys,SAINSBURYS SUPERSTORE,-68.74,Groceries,,Halifax,Mr J Smith,,
2023-10-12,Vanguard ISA,VANGUARD ASSET MGMT,-167.93,Investment,,Barclays,Current Account,,
2023-10-12,,HMRC TAX REFUND,145.69,Income,,Barclays,Current Account,,
2023-10-13,TfL,TFL TRAVEL CHARGE,-29.08,Transport,,Halifax,Current Account,,
2023-10-13,Zara,ZARA UK LTD,-69.67,Shopping,,Halifax,Current Account,,
2023-10-16,BP Petrol,BP OIL UK LTD,-28.41,Transport,,Halifax,Current Account,,
2023-10-17,Waitrose,WAITROSE & PARTNERS,-77.74,Groceries,,Halifax,Mr J Smith,,
2023-10-18,McDonald's,MCDONALDS 6482,-16.64,Eating Out,,Halifax,Mr J Smith,,
2023-10-18,TfL,TFL TRAVEL CHARGE,-42.99,Transport,,Halifax,Current Account,,
2023-10-20,British Red Cross,BRITISH RED CROSS,-24.2,Charity,,Halifax,Current Account,,
2023-10-21,IKEA,IKEA LTD,-53.76,Home & Family,,Halifax,Current Account,,
2023-10-21,Pret A Manger,PRET A MANGER LTD,-35.66,Eating Out,,Halifax,Mr J Smith,,
2023-10-21,National Rail,NATIONAL RAIL ENQ,-39.01,Transport,,Halifax,Current Account,,
2023-10-22,Tesco,TESCO STORES 3321,-53.7,Groceries,,Halifax,Mr J Smith,,
2023-10-27,,EMPLOYER LTD SALARY BGC,2613.79,Income,,Barclays,Current Account,,
2023-10-28,BP Petrol,BP OIL UK LTD,-28.36,Transport,,Halifax,Current Account,,
2023-11-01,PureGym,PUREGYM LIMITED,-24.99,Health & Beauty,,Halifax,Current Account,,
2023-11-01,EDF Energy,EDF ENERGY CUSTOMERS,-65.85,Bills,,Halifax,Current Account,,
2023-11-01,Rent Payment,RENT PAYMENT SO,-973.34,Home & Family,,Halifax,Current Account,,
2023-11-01,British Gas,BRITISH GAS SERVICES,-51.27,Bills,,Halifax,Current Account,,
2023-11-02,Sainsburys,SAINSBURYS SUPERSTORE,-39.18,Groceries,,Halifax,Mr J Smith,,
2023-11-03,BT Broadband,BT GROUP PLC,-43.62,Bills,,Halifax,Current Account,,
2023-11-03,Netflix,NETFLIX.COM,-15.99,Entertainment,,Halifax,Current Account,,
2023-11-03,TfL,TFL TRAVEL CHARGE,-15.68,Transport,,Halifax,Current Account,,
2023-11-03,Costa Coffee,COSTA COFFEE 091,-26.74,Eating Out,,Halifax,Mr J Smith,,
2023-11-04,Council Tax,LBHF COUNCIL TAX,-138.57,Bills,,Halifax,Current Account,,
2023-11-04,Costa Coffee,COSTA COFFEE 091,-22.47,Eating Out,,Halifax,Mr J Smith,,
2023-11-05,Thames Water,THAMES WATER UTIL,-35.76,Bills,,Halifax,Current Account,,
2023-11-07,Spotify,SPOTIFY AB,-9.99,Entertainment,,Halifax,Current Account,,
2023-11-07,Sky Sports,SKY DIGITAL,-25.99,Entertainment,,Halifax,Current Account,,
2023-11-09,,HMRC TAX REFUND,100.27,Income,,Barclays,Current Account,,
2023-11-09,Uber,UBER *TRIP,-13.26,Transport,,Halifax,Current Account,,
2023-11-10,Argos,ARGOS LTD,-96.81,Shopping,,Halifax,Current Account,,
2023-11-10,Sainsburys,SAINSBURYS SUPERSTORE,-41.92,Groceries,,Halifax,Mr J Smith,,
2023-11-11,John Lewis,JOHN LEWIS PLC,-97.78,Shopping,,Halifax,Current Account,,
2023-11-11,ASOS,ASOS.COM LTD,-64.69,Shopping,,Halifax,Current Account,,
2023-11-14,Vanguard ISA,VANGUARD ASSET MGMT,-249.18,Investment,,Barclays,Current Account,,
2023-11-14,National Rail,NATIONAL RAIL ENQ,-36.37,Transport,,Halifax,Current Account,,
2023-11-15,Boots,BOOTS UK LTD,-9.43,Health & Beauty,,Halifax,Mr J Smith,,
2023-11-15,ASDA,ASDA STORES 4766,-35.71,Groceries,,Halifax,Mr J Smith,,
2023-11-16,Amazon,AMAZON UK RETAIL,-56.54,Shopping,,Halifax,Current Account,,
2023-11-16,Shell Petrol,SHELL PETROL STATION,-30.47,Transport,,Halifax,Current Account,,
2023-11-17,Nando's,NANDOS RESTAURANT,-24.82,Eating Out,,Halifax,Mr J Smith,,
2023-11-19,National Rail,NATIONAL RAIL ENQ,-52.49,Transport,,Halifax,Current Account,,
2023-11-19,BP Petrol,BP OIL UK LTD,-6.05,Transport,,Halifax,Current Account,,
2023-11-23,Sainsburys,SAINSBURYS SUPERSTORE,-77.6,Groceries,,Halifax,Mr J Smith,,
2023-11-23,Nando's,NANDOS RESTAURANT,-20.28,Eating Out,,Halifax,Mr J Smith,,
2023-11-24,Costa Coffee,COSTA COFFEE 091,-17.64,Eating Out,,Halifax,Mr J Smith,,
2023-11-25,British Red Cross,BRITISH RED CROSS,-13.08,Charity,,Halifax,Current Account,,
2023-11-26,,EMPLOYER LTD SALARY BGC,3128.34,Income,,Barclays,Current Account,,
2023-12-01,Rent Payment,RENT PAYMENT SO,-993.81,Home & Family,,Halifax,Current Account,,
2023-12-01,Waitrose,WAITROSE & PARTNERS,-86.78,Groceries,,Halifax,Mr J Smith,,
2023-12-01,PureGym,PUREGYM LIMITED,-24.99,Health & Beauty,,Halifax,Current Account,,
2023-12-01,Sky Sports,SKY DIGITAL,-25.99,Entertainment,,Halifax,Current Account,,
2023-12-02,Argos,ARGOS LTD,-52.73,Shopping,,Halifax,Current Account,,
2023-12-02,BT Broadband,BT GROUP PLC,-40.14,Bills,,Halifax,Current Account,,
2023-12-02,British Gas,BRITISH GAS SERVICES,-52.15,Bills,,Halifax,Current Account,,
2023-12-02,Council Tax,LBHF COUNCIL TAX,-145.42,Bills,,Halifax,Current Account,,
2023-12-04,EDF Energy,EDF ENERGY CUSTOMERS,-70.08,Bills,,Halifax,Current Account,,
2023-12-04,Spotify,SPOTIFY AB,-9.99,Entertainment,,Halifax,Current Account,,
2023-12-05,Thames Water,THAMES WATER UTIL,-38.05,Bills,,Halifax,Current Account,,
2023-12-06,Netflix,NETFLIX.COM,-15.99,Entertainment,,Halifax,Current Account,,
2023-12-08,Costa Coffee,COSTA COFFEE 091,-22.07,Eating Out,,Halifax,Mr J Smith,,
2023-12-09,TfL,TFL TRAVEL CHARGE,-43.41,Transport,,Halifax,Current Account,,
2023-12-09,National Rail,NATIONAL RAIL ENQ,-45.85,Transport,,Halifax,Current Account,,
2023-12-10,Vanguard ISA,VANGUARD ASSET MGMT,-295.97,Investment,,Barclays,Current Account,,
2023-12-10,ASDA,ASDA STORES 4766,-31.09,Groceries,,Halifax,Mr J Smith,,
2023-12-11,Uber,UBER *TRIP,-51.65,Transport,,Halifax,Current Account,,
2023-12-11,Argos,ARGOS LTD,-123.31,Shopping,,Halifax,Current Account,,
2023-12-13,Pret A Manger,PRET A MANGER LTD,-13.29,Eating Out,,Halifax,Mr J Smith,,
2023-12-14,Nando's,NANDOS RESTAURANT,-34.55,Eating Out,,Halifax,Mr J Smith,,
2023-12-15,Lidl,LIDL GB GMBH,-47.98,Groceries,,Halifax,Mr J Smith,,
2023-12-16,Boots,BOOTS UK LTD,-43.63,Health & Beauty,,Halifax,Mr J Smith,,
2023-12-16,National Rail,NATIONAL RAIL ENQ,-21.6,Transport,,Halifax,Current Account,,
2023-12-17,Booking.com,BOOKING.COM,-506.12,Travel,,Barclays,Current Account,,
2023-12-19,National Rail,NATIONAL RAIL ENQ,-54.94,Transport,,Halifax,Current Account,,
2023-12-19,ASOS,ASOS.COM LTD,-61.02,Shopping,,Halifax,Current Account,,
2023-12-23,Costa Coffee,COSTA COFFEE 091,-16.63,Eating Out,,Halifax,Mr J Smith,,
2023-12-23,Tesco,TESCO STORES 3321,-105.76,Groceries,,Halifax,Mr J Smith,,
2023-12-23,Argos,ARGOS LTD,-128.92,Shopping,,Halifax,Current Account,,
2023-12-24,National Rail,NATIONAL RAIL ENQ,-48.85,Transport,,Halifax,Current Account,,
2023-12-24,BP Petrol,BP OIL UK LTD,-19.23,Transport,,Halifax,Current Account,,
2023-12-28,Uber,UBER *TRIP,-11.58,Transport,,Halifax,Current Account,,
2023-12-28,,EMPLOYER LTD SALARY BGC,3390.5,Income,,Barclays,Current Account,,
2023-12-28,Oxfam,OXFAM DONATION,-7.01,Charity,,Halifax,Current Account,,
2024-01-01,Tesco,TESCO STORES 3321,-80.49,Groceries,,Halifax,Mr J Smith,,
2024-01-01,PureGym,PUREGYM LIMITED,-24.99,Health & Beauty,,Halifax,Current Account,,
2024-01-01,Rent Payment,RENT PAYMENT SO,-981.67,Home & Family,,Halifax,Current Account,,
2024-01-02,McDonald's,MCDONALDS 6482,-17.7,Eating Out,,Halifax,Mr J Smith,,
2024-01-02,British Gas,BRITISH GAS SERVICES,-48.6,Bills,,Halifax,Current Account,,
2024-01-03,BT Broadband,BT GROUP PLC,-44.82,Bills,,Halifax,Current Account,,
2024-01-03,Shell Petrol,SHELL PETROL STATION,-26.53,Transport,,Halifax,Current Account,,
2024-01-03,Thames Water,THAMES WATER UTIL,-34.71,Bills,,Halifax,Current Account,,
2024-01-04,Sky Sports,SKY DIGITAL,-25.99,Entertainment,,Halifax,Current Account,,
2024-01-04,EDF Energy,EDF ENERGY CUSTOMERS,-69.2,Bills,,Halifax,Current Account,,
2024-01-05,Council Tax,LBHF COUNCIL TAX,-141.04,Bills,,Halifax,Current Account,,
2024-01-05,Costa Coffee,COSTA COFFEE 091,-15.06,Eating Out,,Halifax,Mr J Smith,,
2024-01-06,Netflix,NETFLIX.COM,-15.99,Entertainment,,Halifax,Current Account,,
2024-01-06,Pret A Manger,PRET A MANGER LTD,-12.78,Eating Out,,Halifax,Mr J Smith,,
2024-01-07,Spotify,SPOTIFY AB,-9.99,Entertainment,,Halifax,Current Account,,
2024-01-08,Amazon,AMAZON UK RETAIL,-60.81,Shopping,,Halifax,Current Account,,
2024-01-08,ASDA,ASDA STORES 4766,-89.74,Groceries,,Halifax,Mr J Smith,,
2024-01-09,Oxfam,OXFAM DONATION,-5.16,Charity,,Halifax,Current Account,,
2024-01-10,McDonald's,MCDONALDS 6482,-18.83,Eating Out,,Halifax,Mr J Smith,,
2024-01-10,Uber,UBER *TRIP,-38.56,Transport,,Halifax,Current Account,,
2024-01-13,ASOS,ASOS.COM LTD,-121.23,Shopping,,Halifax,Current Account,,
2024-01-14,Vanguard ISA,VANGUARD ASSET MGMT,-155.38,Investment,,Barclays,Current Account,,
2024-01-15,Lidl,LIDL GB GMBH,-90.83,Groceries,,Halifax,Mr J Smith,,
2024-01-19,John Lewis,JOHN LEWIS PLC,-49.87,Shopping,,Halifax,Current Account,,
2024-01-19,Costa Coffee,COSTA COFFEE 091,-29.5,Eating Out,,Halifax,Mr J Smith,,
2024-01-19,Uber,UBER *TRIP,-11.3,Transport,,Halifax,Current Account,,
2024-01-19,BP Petrol,BP OIL UK LTD,-19.26,Transport,,Halifax,Current Account,,
2024-01-20,Uber,UBER *TRIP,-38.84,Transport,,Halifax,Current Account,,
2024-01-21,Uber,UBER *TRIP,-16.95,Transport,,Halifax,Current Account,,
2024-01-22,BP Petrol,BP OIL UK LTD,-4.48,Transport,,Halifax,Current Account,,
2024-01-23,Tesco,TESCO STORES 3321,-43.31,Groceries,,Halifax,Mr J Smith,,
2024-01-23,Uber,UBER *TRIP,-16.76,Transport,,Halifax,Current Account,,
2024-01-26,,EMPLOYER LTD SALARY BGC,2612.28,Income,,Barclays,Current Account,,
2024-02-01,Argos,ARGOS LTD,-91.3,Shopping,,Halifax,Current Account,,
2024-02-01,Rent Payment,RENT PAYMENT SO,-1017.78,Home & Family,,Halifax,Current Account,,
2024-02-01,PureGym,PUREGYM LIMITED,-24.99,Health & Beauty,,Halifax,Current Account,,
2024-02-02,Tesco,TESCO STORES 3321,-93.09,Groceries,,Halifax,Mr J Smith,,
2024-02-02,EDF Energy,EDF ENERGY CUSTOMERS,-68.86,Bills,,Halifax,Current Account,,
2024-02-02,Council Tax,LBHF COUNCIL TAX,-142.97,Bills,,Halifax,Current Account,,
2024-02-03,Thames Water,THAMES WATER UTIL,-38.21,Bills,,Halifax,Current Account,,
2024-02-03,BT Broadband,BT GROUP PLC,-39.75,Bills,,Halifax,Current Account,,
2024-02-03,BP Petrol,BP OIL UK LTD,-44.32,Transport,,Halifax,Current Account,,
2024-02-04,British Gas,BRITISH GAS SERVICES,-54.66,Bills,,Halifax,Current Account,,
2024-02-04,John Lewis,JOHN LEWIS PLC,-98.38,Shopping,,Halifax,Current Account,,
2024-02-06,Netflix,NETFLIX.COM,-15.99,Entertainment,,Halifax,Current Account,,
2024-02-06,Sky Sports,SKY DIGITAL,-25.99,Entertainment,,Halifax,Current Account,,
2024-02-07,Spotify,SPOTIFY AB,-9.99,Entertainment,,Halifax,Current Account,,
2024-02-09,TfL,TFL TRAVEL CHARGE,-31.37,Transport,,Halifax,Current Account,,
2024-02-10,Tesco,TESCO STORES 3321,-59.19,Groceries,,Halifax,Mr J Smith,,
2024-02-11,Vanguard ISA,VANGUARD ASSET MGMT,-244.24,Investment,,Barclays,Current Account,,
2024-02-12,Uber,UBER *TRIP,-38.31,Transport,,Halifax,Current Account,,
2024-02-13,Zara,ZARA UK LTD,-117.27,Shopping,,Halifax,Current Account,,
2024-02-15,TfL,TFL TRAVEL CHARGE,-53.11,Transport,,Halifax,Current Account,,
2024-02-15,Sainsburys,SAINSBURYS SUPERSTORE,-102.77,Groceries,,Halifax,Mr J Smith,,
2024-02-17,Nando's,NANDOS RESTAURANT,-23.56,Eating Out,,Halifax,Mr J Smith,,
2024-02-21,British Red Cross,BRITISH RED CROSS,-6.26,Charity,,Halifax,Current Account,,
2024-02-24,ASDA,ASDA STORES 4766,-63.24,Groceries,,Halifax,Mr J Smith,,
2024-02-25,,EMPLOYER LTD SALARY BGC,3222.65,Income,,Barclays,Current Account,,
2024-02-25,Shell Petrol,SHELL PETROL STATION,-53.29,Transport,,Halifax,Current Account,,
2024-02-26,Costa Coffee,COSTA COFFEE 091,-16.74,Eating Out,,Halifax,Mr J Smith,,
2024-02-26,Pret A Manger,PRET A MANGER LTD,-24.8,Eating Out,,Halifax,Mr J Smith,,
2024-02-27,Nando's,NANDOS RESTAURANT,-12.43,Eating Out,,Halifax,Mr J Smith,,
2024-02-28,Uber,UBER *TRIP,-45.03,Transport,,Halifax,Current Account,,
2024-03-01,National Rail,NATIONAL RAIL ENQ,-6.58,Transport,,Halifax,Current Account,,
2024-03-01,British Gas,BRITISH GAS SERVICES,-49.12,Bills,,Halifax,Current Account,,
2024-03-01,Thames Water,THAMES WATER UTIL,-34.43,Bills,,Halifax,Current Account,,
2024-03-01,Oxfam,OXFAM DONATION,-8.48,Charity,,Halifax,Current Account,,
2024-03-01,Rent Payment,RENT PAYMENT SO,-987.1,Home & Family,,Halifax,Current Account,,
2024-03-01,National Rail,NATIONAL RAIL ENQ,-18.14,Transport,,Halifax,Current Account,,
2024-03-01,PureGym,PUREGYM LIMITED,-24.99,Health & Beauty,,Halifax,Current Account,,
2024-03-02,Sainsburys,SAINSBURYS SUPERSTORE,-82.39,Groceries,,Halifax,Mr J Smith,,
2024-03-02,Nando's,NANDOS RESTAURANT,-20.14,Eating Out,,Halifax,Mr J Smith,,
2024-03-02,Council Tax,LBHF COUNCIL TAX,-141.11,Bills,,Halifax,Current Account,,
2024-03-02,BT Broadband,BT GROUP PLC,-45.1,Bills,,Halifax,Current Account,,
2024-03-04,Pret A Manger,PRET A MANGER LTD,-38.32,Eating Out,,Halifax,Mr J Smith,,
2024-03-04,EDF Energy,EDF ENERGY CUSTOMERS,-64.93,Bills,,Halifax,Current Account,,
2024-03-04,Nando's,NANDOS RESTAURANT,-39.37,Eating Out,,Halifax,Mr J Smith,,
2024-03-04,ASOS,ASOS.COM LTD,-96.62,Shopping,,Halifax,Current Account,,
2024-03-05,Sky Sports,SKY DIGITAL,-25.99,Entertainment,,Halifax,Current Account,,
2024-03-06,Netflix,NETFLIX.COM,-15.99,Entertainment,,Halifax,Current Account,,
2024-03-06,Spotify,SPOTIFY AB,-9.99,Entertainment,,Halifax,Current Account,,
2024-03-07,National Rail,NATIONAL RAIL ENQ,-7.5,Transport,,Halifax,Current Account,,
2024-03-07,National Rail,NATIONAL RAIL ENQ,-33.91,Transport,,Halifax,Current Account,,
2024-03-08,BP Petrol,BP OIL UK LTD,-54.43,Transport,,Halifax,Current Account,,
2024-03-10,Lidl,LIDL GB GMBH,-62.65,Groceries,,Halifax,Mr J Smith,,
2024-03-11,Shell Petrol,SHELL PETROL STATION,-43.49,Transport,,Halifax,Current Account,,
2024-03-12,Boots,BOOTS UK LTD,-36.81,Health & Beauty,,Halifax,Mr J Smith,,
2024-03-13,Vanguard ISA,VANGUARD ASSET MGMT,-238.1,Investment,,Barclays,Current Account,,
2024-03-15,ASDA,ASDA STORES 4766,-85.22,Groceries,,Halifax,Mr J Smith,,
2024-03-17,B&Q,B&Q PLC,-38.18,Home & Family,,Halifax,Current Account,,
2024-03-18,Nando's,NANDOS RESTAURANT,-36.76,Eating Out,,Halifax,Mr J Smith,,
2024-03-18,ASOS,ASOS.COM LTD,-44.08,Shopping,,Halifax,Current Account,,
2024-03-22,TfL,TFL TRAVEL CHARGE,-14.82,Transport,,Halifax,Current Account,,
2024-03-23,Sainsburys,SAINSBURYS SUPERSTORE,-65.58,Groceries,,Halifax,Mr J Smith,,
2024-03-27,,EMPLOYER LTD SALARY BGC,3327.51,Income,,Barclays,Current Account,,
2024-04-01,Lidl,LIDL GB GMBH,-101.94,Groceries,,Halifax,Mr J Smith,,
2024-04-01,Rent Payment,RENT PAYMENT SO,-997.9,Home & Family,,Halifax,Current Account,,
2024-04-01,Council Tax,LBHF COUNCIL TAX,-138.49,Bills,,Halifax,Current Account,,
2024-04-01,PureGym,PUREGYM LIMITED,-24.99,Health & Beauty,,Halifax,Current Account,,
2024-04-03,Uber,UBER *TRIP,-8.65,Transport,,Halifax,Current Account,,
2024-04-03,TfL,TFL TRAVEL CHARGE,-26.03,Transport,,Halifax,Current Account,,
2024-04-04,Thames Water,THAMES WATER UTIL,-36.03,Bills,,Halifax,Current Account,,
2024-04-04,Netflix,NETFLIX.COM,-15.99,Entertainment,,Halifax,Current Account,,
2024-04-04,Spotify,SPOTIFY AB,-9.99,Entertainment,,Halifax,Current Account,,
2024-04-05,BT Broadband,BT GROUP PLC,-40.41,Bills,,Halifax,Current Account,,
2024-04-05,British Gas,BRITISH GAS SERVICES,-52.75,Bills,,Halifax,Current Account,,
2024-04-05,BP Petrol,BP OIL UK LTD,-39.03,Transport,,Halifax,Current Account,,
2024-04-05,EDF Energy,EDF ENERGY CUSTOMERS,-64.35,Bills,,Halifax,Current Account,,
2024-04-05,Boots,BOOTS UK LTD,-31.61,Health & Beauty,,Halifax,Mr J Smith,,
2024-04-06,Sky Sports,SKY DIGITAL,-25.99,Entertainment,,Halifax,Current Account,,
2024-04-10,Amazon,AMAZON UK RETAIL,-88.85,Shopping,,Halifax,Current Account,,
2024-04-10,ASDA,ASDA STORES 4766,-41.87,Groceries,,Halifax,Mr J Smith,,
2024-04-10,Vanguard ISA,VANGUARD ASSET MGMT,-223.54,Investment,,Barclays,Current Account,,
2024-04-11,Costa Coffee,COSTA COFFEE 091,-34.3,Eating Out,,Halifax,Mr J Smith,,
2024-04-11,Uber,UBER *TRIP,-37.92,Transport,,Halifax,Current Account,,
2024-04-12,British Red Cross,BRITISH RED CROSS,-21.91,Charity,,Halifax,Current Account,,
2024-04-14,Amazon,AMAZON UK RETAIL,-57.26,Shopping,,Halifax,Current Account,,
2024-04-15,Costa Coffee,COSTA COFFEE 091,-36.31,Eating Out,,Halifax,Mr J Smith,,
2024-04-16,Sainsburys,SAINSBURYS SUPERSTORE,-79.95,Groceries,,Halifax,Mr J Smith,,
2024-04-17,Subway,SUBWAY 12340,-16.73,Eating Out,,Halifax,Mr J Smith,,
2024-04-19,TfL,TFL TRAVEL CHARGE,-52.79,Transport,,Halifax,Current Account,,
2024-04-20,Subway,SUBWAY 12340,-21.2,Eating Out,,Halifax,Mr J Smith,,
2024-04-24,Subway,SUBWAY 12340,-35.56,Eating Out,,Halifax,Mr J Smith,,
2024-04-24,Waitrose,WAITROSE & PARTNERS,-86.97,Groceries,,Halifax,Mr J Smith,,
2024-04-24,Uber,UBER *TRIP,-8.85,Transport,,Halifax,Current Account,,
2024-04-26,BP Petrol,BP OIL UK LTD,-10.64,Transport,,Halifax,Current Account,,
2024-04-28,McDonald's,MCDONALDS 6482,-28.61,Eating Out,,Halifax,Mr J Smith,,
2024-04-28,Argos,ARGOS LTD,-129.23,Shopping,,Halifax,Current Account,,
2024-04-28,,EMPLOYER LTD SALARY BGC,2650.85,Income,,Barclays,Current Account,,
2024-05-01,PureGym,PUREGYM LIMITED,-24.99,Health & Beauty,,Halifax,Current Account,,
2024-05-01,Sky Sports,SKY DIGITAL,-25.99,Entertainment,,Halifax,Current Account,,
2024-05-01,Rent Payment,RENT PAYMENT SO,-980.9,Home & Family,,Halifax,Current Account,,
2024-05-02,BP Petrol,BP OIL UK LTD,-15.25,Transport,,Halifax,Current Account,,
2024-05-02,National Rail,NATIONAL RAIL ENQ,-4.39,Transport,,Halifax,Current Account,,
2024-05-03,BT Broadband,BT GROUP PLC,-38.23,Bills,,Halifax,Current Account,,
2024-05-03,Council Tax,LBHF COUNCIL TAX,-143.62,Bills,,Halifax,Current Account,,
2024-05-03,Netflix,NETFLIX.COM,-15.99,Entertainment,,Halifax,Current Account,,
2024-05-03,Spotify,SPOTIFY AB,-9.99,Entertainment,,Halifax,Current Account,,
2024-05-03,Subway,SUBWAY 12340,-36.15,Eating Out,,Halifax,Mr J Smith,,
2024-05-03,Waitrose,WAITROSE & PARTNERS,-62.06,Groceries,,Halifax,Mr J Smith,,
2024-05-04,National Rail,NATIONAL RAIL ENQ,-21.6,Transport,,Halifax,Current Account,,
2024-05-05,Thames Water,THAMES WATER UTIL,-36.91,Bills,,Halifax,Current Account,,
2024-05-05,EDF Energy,EDF ENERGY CUSTOMERS,-64.21,Bills,,Halifax,Current Account,,
2024-05-05,British Gas,BRITISH GAS SERVICES,-55.8,Bills,,Halifax,Current Account,,
2024-05-06,Pret A Manger,PRET A MANGER LTD,-31.9,Eating Out,,Halifax,Mr J Smith,,
2024-05-09,Uber,UBER *TRIP,-14.99,Transport,,Halifax,Current Account,,
2024-05-10,John Lewis,JOHN LEWIS PLC,-54.0,Shopping,,Halifax,Current Account,,
2024-05-10,TfL,TFL TRAVEL CHARGE,-38.59,Transport,,Halifax,Current Account,,
2024-05-10,Sainsburys,SAINSBURYS SUPERSTORE,-80.65,Groceries,,Halifax,Mr J Smith,,
2024-05-11,Vanguard ISA,VANGUARD ASSET MGMT,-280.48,Investment,,Barclays,Current Account,,
2024-05-12,Pret A Manger,PRET A MANGER LTD,-17.28,Eating Out,,Halifax,Mr J Smith,,
2024-05-15,Tesco,TESCO STORES 3321,-89.69,Groceries,,Halifax,Mr J Smith,,
2024-05-16,Amazon,AMAZON UK RETAIL,-107.62,Shopping,,Halifax,Current Account,,
2024-05-16,National Rail,NATIONAL RAIL ENQ,-30.87,Transport,,Halifax,Current Account,,
2024-05-16,Uber,UBER *TRIP,-34.96,Transport,,Halifax,Current Account,,
2024-05-18,Superdrug,SUPERDRUG STORES,-33.44,Health & Beauty,,Halifax,Mr J Smith,,
2024-05-22,McDonald's,MCDONALDS 6482,-9.69,Eating Out,,Halifax,Mr J Smith,,
2024-05-23,Sainsburys,SAINSBURYS SUPERSTORE,-63.59,Groceries,,Halifax,Mr J Smith,,
2024-05-25,Nando's,NANDOS RESTAURANT,-38.07,Eating Out,,Halifax,Mr J Smith,,
2024-05-25,ASOS,ASOS.COM LTD,-29.57,Shopping,,Halifax,Current Account,,
2024-05-26,,EMPLOYER LTD SALARY BGC,3210.08,Income,,Barclays,Current Account,,
2024-06-01,ASDA,ASDA STORES 4766,-64.94,Groceries,,Halifax,Mr J Smith,,
2024-06-01,PureGym,PUREGYM LIMITED,-24.99,Health & Beauty,,Halifax,Current Account,,
2024-06-01,British Gas,BRITISH GAS SERVICES,-51.49,Bills,,Halifax,Current Account,,
2024-06-01,Rent Payment,RENT PAYMENT SO,-990.5,Home & Family,,Halifax,Current Account,,
2024-06-02,Spotify,SPOTIFY AB,-9.99,Entertainment,,Halifax,Current Account,,
2024-06-03,Netflix,NETFLIX.COM,-15.99,Entertainment,,Halifax,Current Account,,
2024-06-03,Pret A Manger,PRET A MANGER LTD,-23.85,Eating Out,,Halifax,Mr J Smith,,
2024-06-03,EDF Energy,EDF ENERGY CUSTOMERS,-68.61,Bills,,Halifax,Current Account,,
2024-06-03,Oxfam,OXFAM DONATION,-17.89,Charity,,Halifax,Current Account,,
2024-06-04,Thames Water,THAMES WATER UTIL,-39.37,Bills,,Halifax,Current Account,,
2024-06-04,Council Tax,LBHF COUNCIL TAX,-140.32,Bills,,Halifax,Current Account,,
2024-06-05,BT Broadband,BT GROUP PLC,-41.24,Bills,,Halifax,Current Account,,
2024-06-06,TfL,TFL TRAVEL CHARGE,-52.52,Transport,,Halifax,Current Account,,
2024-06-07,Sky Sports,SKY DIGITAL,-25.99,Entertainment,,Halifax,Current Account,,
2024-06-07,Nando's,NANDOS RESTAURANT,-12.73,Eating Out,,Halifax,Mr J Smith,,
2024-06-08,Pret A Manger,PRET A MANGER LTD,-10.39,Eating Out,,Halifax,Mr J Smith,,
2024-06-08,Tesco,TESCO STORES 3321,-64.85,Groceries,,Halifax,Mr J Smith,,
2024-06-11,National Rail,NATIONAL RAIL ENQ,-48.08,Transport,,Halifax,Current Account,,
2024-06-12,Nando's,NANDOS RESTAURANT,-31.0,Eating Out,,Halifax,Mr J Smith,,
2024-06-14,Vanguard ISA,VANGUARD ASSET MGMT,-219.01,Investment,,Barclays,Current Account,,
2024-06-15,Superdrug,SUPERDRUG STORES,-23.62,Health & Beauty,,Halifax,Mr J Smith,,
2024-06-15,National Rail,NATIONAL RAIL ENQ,-38.74,Transport,,Halifax,Current Account,,
2024-06-15,ASOS,ASOS.COM LTD,-20.74,Shopping,,Halifax,Current Account,,
2024-06-15,Uber,UBER *TRIP,-42.48,Transport,,Halifax,Current Account,,
2024-06-17,Lidl,LIDL GB GMBH,-36.29,Groceries,,Halifax,Mr J Smith,,
2024-06-17,McDonald's,MCDONALDS 6482,-23.83,Eating Out,,Halifax,Mr J Smith,,
2024-06-19,John Lewis,JOHN LEWIS PLC,-19.19,Shopping,,Halifax,Current Account,,
2024-06-20,Booking.com,BOOKING.COM,-351.1,Travel,,Barclays,Current Account,,
2024-06-21,National Rail,NATIONAL RAIL ENQ,-36.4,Transport,,Halifax,Current Account,,
2024-06-21,Argos,ARGOS LTD,-50.76,Shopping,,Halifax,Current Account,,
2024-06-24,ASDA,ASDA STORES 4766,-57.16,Groceries,,Halifax,Mr J Smith,,
2024-06-25,,EMPLOYER LTD SALARY BGC,3244.96,Income,,Barclays,Current Account,,
2024-07-01,Rent Payment,RENT PAYMENT SO,-958.43,Home & Family,,Halifax,Current Account,,
2024-07-01,Sky Sports,SKY DIGITAL,-25.99,Entertainment,,Halifax,Current Account,,
2024-07-01,BT Broadband,BT GROUP PLC,-41.6,Bills,,Halifax,Current Account,,
2024-07-01,PureGym,PUREGYM LIMITED,-24.99,Health & Beauty,,Halifax,Current Account,,
2024-07-02,Spotify,SPOTIFY AB,-9.99,Entertainment,,Halifax,Current Account,,
2024-07-03,Thames Water,THAMES WATER UTIL,-36.84,Bills,,Halifax,Current Account,,
2024-07-03,Council Tax,LBHF COUNCIL TAX,-145.86,Bills,,Halifax,Current Account,,
2024-07-03,Lidl,LIDL GB GMBH,-71.82,Groceries,,Halifax,Mr J Smith,,
2024-07-03,National Rail,NATIONAL RAIL ENQ,-36.95,Transport,,Halifax,Current Account,,
2024-07-05,British Gas,BRITISH GAS SERVICES,-53.21,Bills,,Halifax,Current Account,,
2024-07-05,Airbnb,AIRBNB PAYMENTS,-352.65,Travel,,Barclays,Current Account,,
2024-07-05,Shell Petrol,SHELL PETROL STATION,-7.94,Transport,,Halifax,Current Account,,
2024-07-05,Uber,UBER *TRIP,-34.35,Transport,,Halifax,Current Account,,
2024-07-05,EDF Energy,EDF ENERGY CUSTOMERS,-65.21,Bills,,Halifax,Current Account,,
2024-07-06,Netflix,NETFLIX.COM,-15.99,Entertainment,,Halifax,Current Account,,
2024-07-07,Uber,UBER *TRIP,-15.55,Transport,,Halifax,Current Account,,
2024-07-09,Sainsburys,SAINSBURYS SUPERSTORE,-59.83,Groceries,,Halifax,Mr J Smith,,
2024-07-10,Costa Coffee,COSTA COFFEE 091,-15.32,Eating Out,,Halifax,Mr J Smith,,
2024-07-10,TfL,TFL TRAVEL CHARGE,-32.51,Transport,,Halifax,Current Account,,
2024-07-10,Nando's,NANDOS RESTAURANT,-38.93,Eating Out,,Halifax,Mr J Smith,,
2024-07-10,BP Petrol,BP OIL UK LTD,-13.19,Transport,,Halifax,Current Account,,
2024-07-11,Shell Petrol,SHELL PETROL STATION,-52.33,Transport,,Halifax,Current Account,,
2024-07-11,Vanguard ISA,VANGUARD ASSET MGMT,-256.14,Investment,,Barclays,Current Account,,
2024-07-11,McDonald's,MCDONALDS 6482,-10.12,Eating Out,,Halifax,Mr J Smith,,
2024-07-16,ASDA,ASDA STORES 4766,-62.7,Groceries,,Halifax,Mr J Smith,,
2024-07-17,Uber,UBER *TRIP,-22.45,Transport,,Halifax,Current Account,,
2024-07-19,McDonald's,MCDONALDS 6482,-28.9,Eating Out,,Halifax,Mr J Smith,,
2024-07-24,ASDA,ASDA STORES 4766,-77.83,Groceries,,Halifax,Mr J Smith,,
2024-07-25,Zara,ZARA UK LTD,-81.09,Shopping,,Halifax,Current Account,,
2024-07-25,,EMPLOYER LTD SALARY BGC,2907.59,Income,,Barclays,Current Account,,
2024-07-27,BP Petrol,BP OIL UK LTD,-10.52,Transport,,Halifax,Current Account,,
2024-07-28,Subway,SUBWAY 12340,-11.96,Eating Out,,Halifax,Mr J Smith,,
2024-08-01,Lidl,LIDL GB GMBH,-59.43,Groceries,,Halifax,Mr J Smith,,
2024-08-01,Airbnb,AIRBNB PAYMENTS,-503.87,Travel,,Barclays,Current Account,,
2024-08-01,BP Petrol,BP OIL UK LTD,-25.16,Transport,,Halifax,Current Account,,
2024-08-01,PureGym,PUREGYM LIMITED,-24.99,Health & Beauty,,Halifax,Current Account,,
2024-08-01,Rent Payment,RENT PAYMENT SO,-1024.85,Home & Family,,Halifax,Current Account,,
2024-08-01,EDF Energy,EDF ENERGY CUSTOMERS,-67.29,Bills,,Halifax,Current Account,,
2024-08-02,BT Broadband,BT GROUP PLC,-45.76,Bills,,Halifax,Current Account,,
2024-08-02,Spotify,SPOTIFY AB,-9.99,Entertainment,,Halifax,Current Account,,
2024-08-02,Thames Water,THAMES WATER UTIL,-37.77,Bills,,Halifax,Current Account,,
2024-08-02,Nando's,NANDOS RESTAURANT,-28.16,Eating Out,,Halifax,Mr J Smith,,
2024-08-03,Uber,UBER *TRIP,-23.12,Transport,,Halifax,Current Account,,
2024-08-04,Netflix,NETFLIX.COM,-15.99,Entertainment,,Halifax,Current Account,,
2024-08-05,British Gas,BRITISH GAS SERVICES,-54.47,Bills,,Halifax,Current Account,,
2024-08-05,National Rail,NATIONAL RAIL ENQ,-46.38,Transport,,Halifax,Current Account,,
2024-08-05,Council Tax,LBHF COUNCIL TAX,-140.28,Bills,,Halifax,Current Account,,
2024-08-05,Sky Sports,SKY DIGITAL,-25.99,Entertainment,,Halifax,Current Account,,
2024-08-08,TfL,TFL TRAVEL CHARGE,-45.65,Transport,,Halifax,Current Account,,
2024-08-09,Waitrose,WAITROSE & PARTNERS,-66.93,Groceries,,Halifax,Mr J Smith,,
2024-08-11,TfL,TFL TRAVEL CHARGE,-51.47,Transport,,Halifax,Current Account,,
2024-08-11,Vanguard ISA,VANGUARD ASSET MGMT,-196.42,Investment,,Barclays,Current Account,,
2024-08-16,ASDA,ASDA STORES 4766,-70.23,Groceries,,Halifax,Mr J Smith,,
2024-08-17,Uber,UBER *TRIP,-23.07,Transport,,Halifax,Current Account,,
2024-08-18,Nando's,NANDOS RESTAURANT,-37.83,Eating Out,,Halifax,Mr J Smith,,
2024-08-22,Lidl,LIDL GB GMBH,-95.35,Groceries,,Halifax,Mr J Smith,,
2024-08-25,McDonald's,MCDONALDS 6482,-12.29,Eating Out,,Halifax,Mr J Smith,,
2024-08-26,BP Petrol,BP OIL UK LTD,-11.45,Transport,,Halifax,Current Account,,
2024-08-26,,EMPLOYER LTD SALARY BGC,2723.4,Income,,Barclays,Current Account,,
2024-08-27,John Lewis,JOHN LEWIS PLC,-72.47,Shopping,,Halifax,Current Account,,
2024-08-28,Subway,SUBWAY 12340,-11.11,Eating Out,,Halifax,Mr J Smith,,
2024-09-01,PureGym,PUREGYM LIMITED,-24.99,Health & Beauty,,Halifax,Current Account,,
2024-09-01,Council Tax,LBHF COUNCIL TAX,-139.91,Bills,,Halifax,Current Account,,
2024-09-01,Sky Sports,SKY DIGITAL,-25.99,Entertainment,,Halifax,Current Account,,
2024-09-01,Rent Payment,RENT PAYMENT SO,-1013.9,Home & Family,,Halifax,Current Account,,
2024-09-01,EDF Energy,EDF ENERGY CUSTOMERS,-70.21,Bills,,Halifax,Current Account,,
2024-09-02,Boots,BOOTS UK LTD,-18.31,Health & Beauty,,Halifax,Mr J Smith,,
2024-09-02,Costa Coffee,COSTA COFFEE 091,-27.98,Eating Out,,Halifax,Mr J Smith,,
2024-09-02,Argos,ARGOS LTD,-49.56,Shopping,,Halifax,Current Account,,
2024-09-02,BT Broadband,BT GROUP PLC,-40.41,Bills,,Halifax,Current Account,,
2024-09-03,ASOS,ASOS.COM LTD,-103.65,Shopping,,Halifax,Current Account,,
2024-09-03,Lidl,LIDL GB GMBH,-72.88,Groceries,,Halifax,Mr J Smith,,
2024-09-04,Spotify,SPOTIFY AB,-9.99,Entertainment,,Halifax,Current Account,,
2024-09-05,BP Petrol,BP OIL UK LTD,-6.26,Transport,,Halifax,Current Account,,
2024-09-05,Thames Water,THAMES WATER UTIL,-36.22,Bills,,Halifax,Current Account,,
2024-09-05,British Gas,BRITISH GAS SERVICES,-55.52,Bills,,Halifax,Current Account,,
2024-09-05,Netflix,NETFLIX.COM,-15.99,Entertainment,,Halifax,Current Account,,
2024-09-09,Nando's,NANDOS RESTAURANT,-31.66,Eating Out,,Halifax,Mr J Smith,,
2024-09-10,IKEA,IKEA LTD,-77.12,Home & Family,,Halifax,Current Account,,
2024-09-10,Vanguard ISA,VANGUARD ASSET MGMT,-275.5,Investment,,Barclays,Current Account,,
2024-09-10,Waitrose,WAITROSE & PARTNERS,-49.36,Groceries,,Halifax,Mr J Smith,,
2024-09-11,National Rail,NATIONAL RAIL ENQ,-45.49,Transport,,Halifax,Current Account,,
2024-09-12,TfL,TFL TRAVEL CHARGE,-16.3,Transport,,Halifax,Current Account,,
2024-09-12,Subway,SUBWAY 12340,-9.23,Eating Out,,Halifax,Mr J Smith,,
2024-09-16,Sainsburys,SAINSBURYS SUPERSTORE,-64.34,Groceries,,Halifax,Mr J Smith,,
2024-09-18,Subway,SUBWAY 12340,-7.67,Eating Out,,Halifax,Mr J Smith,,
2024-09-18,Subway,SUBWAY 12340,-23.74,Eating Out,,Halifax,Mr J Smith,,
2024-09-22,Pret A Manger,PRET A MANGER LTD,-29.05,Eating Out,,Halifax,Mr J Smith,,
2024-09-23,Uber,UBER *TRIP,-28.41,Transport,,Halifax,Current Account,,
2024-09-23,Waitrose,WAITROSE & PARTNERS,-49.25,Groceries,,Halifax,Mr J Smith,,
2024-09-25,TfL,TFL TRAVEL CHARGE,-33.68,Transport,,Halifax,Current Account,,
2024-09-26,,EMPLOYER LTD SALARY BGC,2615.2,Income,,Barclays,Current Account,,
2024-09-27,Shell Petrol,SHELL PETROL STATION,-43.74,Transport,,Halifax,Current Account,,
2024-09-27,Oxfam,OXFAM DONATION,-15.86,Charity,,Halifax,Current Account,,
2024-10-01,Shell Petrol,SHELL PETROL STATION,-11.28,Transport,,Halifax,Current Account,,
2024-10-01,PureGym,PUREGYM LIMITED,-24.99,Health & Beauty,,Halifax,Current Account,,
2024-10-01,Spotify,SPOTIFY AB,-9.99,Entertainment,,Halifax,Current Account,,
2024-10-01,Rent Payment,RENT PAYMENT SO,-958.26,Home & Family,,Halifax,Current Account,,
2024-10-02,National Rail,NATIONAL RAIL ENQ,-34.86,Transport,,Halifax,Current Account,,
2024-10-02,Costa Coffee,COSTA COFFEE 091,-30.98,Eating Out,,Halifax,Mr J Smith,,
2024-10-02,EDF Energy,EDF ENERGY CUSTOMERS,-67.97,Bills,,Halifax,Current Account,,
2024-10-03,McDonald's,MCDONALDS 6482,-29.15,Eating Out,,Halifax,Mr J Smith,,
2024-10-03,Sainsburys,SAINSBURYS SUPERSTORE,-53.5,Groceries,,Halifax,Mr J Smith,,
2024-10-04,Thames Water,THAMES WATER UTIL,-34.71,Bills,,Halifax,Current Account,,
2024-10-04,Sky Sports,SKY DIGITAL,-25.99,Entertainment,,Halifax,Current Account,,
2024-10-04,BT Broadband,BT GROUP PLC,-40.94,Bills,,Halifax,Current Account,,
2024-10-04,British Gas,BRITISH GAS SERVICES,-53.95,Bills,,Halifax,Current Account,,
2024-10-04,Netflix,NETFLIX.COM,-15.99,Entertainment,,Halifax,Current Account,,
2024-10-05,TfL,TFL TRAVEL CHARGE,-7.43,Transport,,Halifax,Current Account,,
2024-10-05,Council Tax,LBHF COUNCIL TAX,-140.13,Bills,,Halifax,Current Account,,
2024-10-08,BP Petrol,BP OIL UK LTD,-52.99,Transport,,Halifax,Current Account,,
2024-10-08,Tesco,TESCO STORES 3321,-56.23,Groceries,,Halifax,Mr J Smith,,
2024-10-12,Uber,UBER *TRIP,-22.97,Transport,,Halifax,Current Account,,
2024-10-12,Costa Coffee,COSTA COFFEE 091,-23.93,Eating Out,,Halifax,Mr J Smith,,
2024-10-12,BP Petrol,BP OIL UK LTD,-23.53,Transport,,Halifax,Current Account,,
2024-10-13,,HMRC TAX REFUND,179.37,Income,,Barclays,Current Account,,
2024-10-13,BP Petrol,BP OIL UK LTD,-20.03,Transport,,Halifax,Current Account,,
2024-10-14,Vanguard ISA,VANGUARD ASSET MGMT,-299.26,Investment,,Barclays,Current Account,,
2024-10-16,ASOS,ASOS.COM LTD,-78.27,Shopping,,Halifax,Current Account,,
2024-10-16,ASDA,ASDA STORES 4766,-65.67,Groceries,,Halifax,Mr J Smith,,
2024-10-19,TfL,TFL TRAVEL CHARGE,-11.02,Transport,,Halifax,Current Account,,
2024-10-20,Nando's,NANDOS RESTAURANT,-39.94,Eating Out,,Halifax,Mr J Smith,,
2024-10-21,Nando's,NANDOS RESTAURANT,-39.34,Eating Out,,Halifax,Mr J Smith,,
2024-10-22,National Rail,NATIONAL RAIL ENQ,-43.85,Transport,,Halifax,Current Account,,
2024-10-22,Lidl,LIDL GB GMBH,-85.18,Groceries,,Halifax,Mr J Smith,,
2024-10-23,Oxfam,OXFAM DONATION,-13.93,Charity,,Halifax,Current Account,,
2024-10-27,,EMPLOYER LTD SALARY BGC,3224.67,Income,,Barclays,Current Account,,
2024-11-01,PureGym,PUREGYM LIMITED,-24.99,Health & Beauty,,Halifax,Current Account,,
2024-11-01,Rent Payment,RENT PAYMENT SO,-1035.14,Home & Family,,Halifax,Current Account,,
2024-11-01,Waitrose,WAITROSE & PARTNERS,-39.71,Groceries,,Halifax,Mr J Smith,,
2024-11-01,BT Broadband,BT GROUP PLC,-42.4,Bills,,Halifax,Current Account,,
2024-11-03,EDF Energy,EDF ENERGY CUSTOMERS,-69.34,Bills,,Halifax,Current Account,,
2024-11-03,Council Tax,LBHF COUNCIL TAX,-145.13,Bills,,Halifax,Current Account,,
2024-11-03,Subway,SUBWAY 12340,-11.14,Eating Out,,Halifax,Mr J Smith,,
2024-11-03,Subway,SUBWAY 12340,-9.17,Eating Out,,Halifax,Mr J Smith,,
2024-11-03,,HMRC TAX REFUND,310.26,Income,,Barclays,Current Account,,
2024-11-04,British Gas,BRITISH GAS SERVICES,-49.38,Bills,,Halifax,Current Account,,
2024-11-04,Thames Water,THAMES WATER UTIL,-39.98,Bills,,Halifax,Current Account,,
2024-11-06,Netflix,NETFLIX.COM,-15.99,Entertainment,,Halifax,Current Account,,
2024-11-06,Spotify,SPOTIFY AB,-9.99,Entertainment,,Halifax,Current Account,,
2024-11-06,Sky Sports,SKY DIGITAL,-25.99,Entertainment,,Halifax,Current Account,,
2024-11-07,John Lewis,JOHN LEWIS PLC,-93.29,Shopping,,Halifax,Current Account,,
2024-11-08,Sainsburys,SAINSBURYS SUPERSTORE,-48.94,Groceries,,Halifax,Mr J Smith,,
2024-11-10,Shell Petrol,SHELL PETROL STATION,-12.4,Transport,,Halifax,Current Account,,
2024-11-10,Zara,ZARA UK LTD,-120.28,Shopping,,Halifax,Current Account,,
2024-11-11,Vanguard ISA,VANGUARD ASSET MGMT,-269.05,Investment,,Barclays,Current Account,,
2024-11-12,National Rail,NATIONAL RAIL ENQ,-10.55,Transport,,Halifax,Current Account,,
2024-11-12,ASOS,ASOS.COM LTD,-133.28,Shopping,,Halifax,Current Account,,
2024-11-14,Subway,SUBWAY 12340,-32.38,Eating Out,,Halifax,Mr J Smith,,
2024-11-14,Shell Petrol,SHELL PETROL STATION,-29.65,Transport,,Halifax,Current Account,,
2024-11-15,TfL,TFL TRAVEL CHARGE,-27.76,Transport,,Halifax,Current Account,,
2024-11-15,Lidl,LIDL GB GMBH,-58.87,Groceries,,Halifax,Mr J Smith,,
2024-11-20,Oxfam,OXFAM DONATION,-15.67,Charity,,Halifax,Current Account,,
2024-11-21,National Rail,NATIONAL RAIL ENQ,-33.98,Transport,,Halifax,Current Account,,
2024-11-23,Waitrose,WAITROSE & PARTNERS,-67.39,Groceries,,Halifax,Mr J Smith,,
2024-11-23,Costa Coffee,COSTA COFFEE 091,-30.72,Eating Out,,Halifax,Mr J Smith,,
2024-11-27,TfL,TFL TRAVEL CHARGE,-10.33,Transport,,Halifax,Current Account,,
2024-11-28,,EMPLOYER LTD SALARY BGC,2828.46,Income,,Barclays,Current Account,,
2024-12-01,EDF Energy,EDF ENERGY CUSTOMERS,-64.65,Bills,,Halifax,Current Account,,
2024-12-01,PureGym,PUREGYM LIMITED,-24.99,Health & Beauty,,Halifax,Current Account,,
2024-12-01,Spotify,SPOTIFY AB,-9.99,Entertainment,,Halifax,Current Account,,
2024-12-01,Rent Payment,RENT PAYMENT SO,-991.66,Home & Family,,Halifax,Current Account,,
2024-12-02,ASDA,ASDA STORES 4766,-49.59,Groceries,,Halifax,Mr J Smith,,
2024-12-02,Council Tax,LBHF COUNCIL TAX,-144.14,Bills,,Halifax,Current Account,,
2024-12-02,Amazon,AMAZON UK RETAIL,-48.01,Shopping,,Halifax,Current Account,,
2024-12-04,Sky Sports,SKY DIGITAL,-25.99,Entertainment,,Halifax,Current Account,,
2024-12-05,Thames Water,THAMES WATER UTIL,-32.33,Bills,,Halifax,Current Account,,
2024-12-05,British Gas,BRITISH GAS SERVICES,-50.7,Bills,,Halifax,Current Account,,
2024-12-05,BT Broadband,BT GROUP PLC,-40.12,Bills,,Halifax,Current Account,,
2024-12-06,Netflix,NETFLIX.COM,-15.99,Entertainment,,Halifax,Current Account,,
2024-12-07,ASOS,ASOS.COM LTD,-86.67,Shopping,,Halifax,Current Account,,
2024-12-08,Nando's,NANDOS RESTAURANT,-22.39,Eating Out,,Halifax,Mr J Smith,,
2024-12-08,Uber,UBER *TRIP,-11.18,Transport,,Halifax,Current Account,,
2024-12-09,Lidl,LIDL GB GMBH,-66.28,Groceries,,Halifax,Mr J Smith,,
2024-12-10,,HMRC TAX REFUND,274.57,Income,,Barclays,Current Account,,
2024-12-10,Argos,ARGOS LTD,-75.66,Shopping,,Halifax,Current Account,,
2024-12-10,TfL,TFL TRAVEL CHARGE,-52.21,Transport,,Halifax,Current Account,,
2024-12-13,Amazon,AMAZON UK RETAIL,-76.7,Shopping,,Halifax,Current Account,,
2024-12-13,Nando's,NANDOS RESTAURANT,-11.32,Eating Out,,Halifax,Mr J Smith,,
2024-12-14,Vanguard ISA,VANGUARD ASSET MGMT,-193.45,Investment,,Barclays,Current Account,,
2024-12-14,National Rail,NATIONAL RAIL ENQ,-16.66,Transport,,Halifax,Current Account,,
2024-12-15,Tesco,TESCO STORES 3321,-65.17,Groceries,,Halifax,Mr J Smith,,
2024-12-16,Shell Petrol,SHELL PETROL STATION,-54.79,Transport,,Halifax,Current Account,,
2024-12-17,Nando's,NANDOS RESTAURANT,-25.53,Eating Out,,Halifax,Mr J Smith,,
2024-12-18,EasyJet,EASYJET AIRLINE,-64.01,Travel,,Barclays,Current Account,,
2024-12-23,Lidl,LIDL GB GMBH,-46.32,Groceries,,Halifax,Mr J Smith,,
2024-12-24,National Rail,NATIONAL RAIL ENQ,-19.95,Transport,,Halifax,Current Account,,
2024-12-26,,EMPLOYER LTD SALARY BGC,2734.91,Income,,Barclays,Current Account,,
2024-12-27,Shell Petrol,SHELL PETROL STATION,-20.7,Transport,,Halifax,Current Account,,
2024-12-28,Nando's,NANDOS RESTAURANT,-30.71,Eating Out,,Halifax,Mr J Smith,,
